address
"Bangalore, India"
"Berlin, Germany"
"Shenzhen, China"
"78 Havenstraat, Rotterdam, NL"
"Paris, France"
"Amsterdam, Netherlands"
"Sulzauer Straße 10, Stuttgart, Duitsland"
"Sörgelstr. 3, München, Germany"
"Uhlandstraße 20, Wimsheim, Duitsland"
"Spadinalaan 688, Amsterdam, The Netherlands"
"Pfarrstr. 27, Lauda-Königshofen, Duitsland"
"Ostendstraße 4, Weilheim i.OB, Germany"
"Middenweg 45, Haarlem, The Netherlands"
"Oranienstraße 147, Oberhausen, Germany"
"Kapellenweg 95, Stuttgart"
"Leeuwerikstraat 37, Goor, The Netherlands"
"Wolfgang-Borchert Str. 6, Toenisvorst, Germany"
"Rue des Blés 57, Liège, België"
"Gildenring 29, BUNNIK, The Netherlands"
"Riouwstraat 81B, Amsterdam, Nederland"
"Van Den Boetzelaarstraat 1, Haelen, Nederland"
"Klarastr. 10, Munich, Germany"
"gustav-klemme-weg 5, willich, Germany"
"Laan van Nieuw Oosteinde 177, Voorburg, Nederland"
"101 Rue Sergent Blandan, Nancy, Frankrijk"
"Am haanes 1a, Linden/leihgestern, Duitsland"
"Am Gehrkamp 35 a, Lehrte, Germany"
"Javastraat 154 A, Amsterdam, The Netherlands"
"Kloosterstraat 2 / 11, Diepenbeek, Belgium"
"15 Rue de l’Industrie, 75015 Paris, France"
"10 Korte Lakenstraat, Haarlem, Nederland"
"Bestevaerstraat 15 aprt.nr. 1, Amsterdam, The Netherlands"
"27 Parkstraße, Moers, Duitsland"
"Port of Rotterdam, Rotterdam, Netherlands"
"Rotterdam Central Station, Rotterdam, Netherlands"
Atlantic Ocean
"Amsterdam Airport Schiphol, 1118 AX Schiphol, Netherlands"
"Amsterdam Airport Schiphol, 1118 AX Amsterdam, Netherlands"
"Mumbai Port, Mumbai, Maharashtra, India"
"Port of Santos, Santos, SP, Brazil"
"Porto de Santos, Santos, SP, Brazil"
"Charles de Gaulle Airport, Paris, France"
"Fultonstraße 24/3, Wien, Austria"
"Schifflerstraat 4, Brunssum, Nederland"
"Coolhavenstraat 37A, Rotterdam, The Netherlands"
"Mayerlei 232, Mortsel, België"
"Mumbai Port, Mumbai, India"
"Brussels, Belgium"
"Boxtel, Netherlands"
"Nieuwpoorstraat 86B8, Amsterdam, The Netherlands"
"Dorpsstraat 38, Bilzen, België"
"Avenida Oporto, 128, Nuevo Baztan, Spain"
"Traunsteiner Straße 8-2, Freilassing, Duitsland"
"Coimbra Train Station, Avenida Fernão de Magalhães, 3000-175 Coimbra, Portugal"
"22 Zilverstraat, Antwerp, BE"
"10 Rue Verte, Lyon, FR"
"J.H. Leopoldhof 45, Weesp, The Netherlands"
"120 Eco Park Road, Hamburg, DE"
"202 Logistics Street, Sloterdijk, 1014 AZ Amsterdam, Netherlands"
"Lisbon Port, Portugal"
"Port of Lisbon, Portugal"
"Lisbon Port, Avenida Infante Dom Henrique, 1400-206 Lisbon, Portugal"
"Porto Airport, Aeroporto Francisco Sá Carneiro, 4470-558 Maia, Portugal"
"Lisbon Port, Avenida Infante Dom Henrique, 1400-200 Lisbon, Portugal"
"Lisbon Port, 1000-000 Lisbon, Portugal"
"Laak, Venlo"
Lisbon Airport
"Port of Rio de Janeiro, Brazil"
"Paris Charles de Gaulle Airport, France"
"Mittelstrasse 222, Frose, Germany"
Meda
"Schlehenweg 13, Steinheim, Germany"
"17 Elmwood Close, Hartstown, Ierland"
"Mõisavälja 6, Raadi alevik, Estonia"
KOREA
Korea
"Zandstraat 4, Haasdonk, België"
"Kanepi vald Mügra küla, Põlvamaa, Estonia"
"Rigastraat 398, Utrecht, The Netherlands"
"Rue de la meuse 21, Arlon, Belgium"
"18 St Annes Park, Turners Cross, Cork, Ireland"
"Spijkstraat 185, Sint-Amandsberg, Belgium"
"Al.ken 47, Warszawa, Poland"
"Spilhof, München, Germany"
"45 Lindenstraße, Berlin, DE"
"Shenzhen Bao'an International Airport, 1 Airport Rd, Bao'an District, Shenzhen, Guangdong 518128, China"
"Port of Shanghai, Shanghai, China"
"Shenzhen Port, Nanshan District, Shenzhen, Guangdong 518054, China"
"Shenzhen International Port, Nanshan District, Shenzhen, Guangdong 518054, China"
"Rotterdam The Hague Airport, Rotterdam, Netherlands"
"Lisbon Portela Airport, 1000-102 Lisbon, Portugal"
"Francisco Sá Carneiro Airport, 4470-558 Maia, Portugal"
"Delhi, India"
"costersveld 6, loppem, Belgium"
"Bjursätragatan 19b, Stockholm, Sweden"
"Ellen Keys gata 24, Stockholm, Zweden"
"Bayernstr,30A  / 23825BRO, Niedersachsen, Germany"
Meda de M
UNKNOWN
Unknown
"Im Dorf 110, Hüttendorf, Austria"
"Voreiou ipirou 15, Filothei, Greece"
"Plac Dabrowskiego 12 / 62, Warsaw, Poland"
"paseo de la plana 19b, san andreu de llavaneras, Spain"
"123 Green Park Avenue, Sector 45, Gurugram, Haryana 122003, India"
"Burgakker 15, 5281 CH Boxtel, Netherlands"
"Port of Rotterdam, Netherlands"
"Rotterdam Port, Rotterdam, Netherlands"
"Rotterdam The Hague Airport, 3043 NT Rotterdam, Netherlands"
Meda de Mou
"Rua Da Ribeira Do Patane No. 54, Macau, China"
Meda de Mouros
"Slieve Russell Staff 8, Ballyconnell, Ierland"
"Porto do Rio de Janeiro, Brazil"
"Logistics Hub, City, Country"
"Port of Mumbai, India"
10
"Packstation 125, Konz, Duitsland"
